<?xml version="1.0" encoding="UTF-8"?>
<project-private xmlns="http://www.netbeans.org/ns/project-private/1">
    <editor-bookmarks xmlns="http://www.netbeans.org/ns/editor-bookmarks/2" lastBookmarkId="0"/>
    <open-files xmlns="http://www.netbeans.org/ns/projectui-open-files/2">
        <group>
            <file>file:/C:/Users/91dee/Documents/NetBeansProjects/WebApplication1/src/java/main/Mobile.java</file>
            <file>file:/C:/Users/91dee/Documents/NetBeansProjects/WebApplication1/src/java/main/ApplicationConfig.java</file>
            <file>file:/C:/Users/91dee/Documents/Web%20Application/nbproject/build-impl.xml</file>
        </group>
    </open-files>
</project-private>
